"","id","title","singer","lyrics"
"1","30413326","SIGNAL","TWICE (트와이스)","     Trying to let you know Sign을 보내 signal 보내 I must let you know Sign을 보내 signal 보내 Sign을 보내 signal 보내 Sign을 보내 signal 보내 Sign을 보내 signal 보내 I must let you know Sign을 보내 signal 보내 근데 전혀 안 통해 눈빛을 보내 눈치를 주네 근데 못 알아듣네 답답해서 미치겠다 정말 왜 그런지 모르겠다 정말 다시 한 번 힘을 내서 Sign을 보내 signal 보내 눈짓도 손짓도 어떤 표정도 소용이 없네 하나도 안 통해 눈치도 코치도 전혀 없나 봐 더 이상 어떻게 내 맘을 표현해 언제부턴가 난 네가 좋아 지기 시작했어 바보야 왜 이렇게도 내 맘을 몰라 언제까지 이렇게 둔하게 나를 친구로만 대할래 내가 원하는 건 그게 아닌데 Signal 보내 signal 보내 찌릿 찌릿 찌릿 찌릿 난 너를 원해 난 너를 원해 왜 반응이 없니 만날 때 마다 마음을 담아 찌릿 찌릿 찌릿 찌릿 기다리잖아 다 보이잖아 왜 알지 못하니 Trying to let you know Sign을 보내 signal 보내 I must let you know Sign을 보내 signal 보내 널 보며 웃으면 알아채야지 오늘만 몇 번째 널 보며 웃는데 자꾸 말을 걸면 좀 느껴야지 계속 네 곁에 머물러있는데 언제부턴가 난 네가 좋아 지기 시작했어 바보야 왜 이렇게도 내 맘을 몰라 언제까지 이렇게 둔하게 나를 친구로만 대할래 내가 원하는 건 그게 아닌데 Signal 보내 signal 보내 찌릿 찌릿 찌릿 찌릿 난 너를 원해 난 너를 원해 왜 반응이 없니 만날 때 마다 마음을 담아 찌릿 찌릿 찌릿 찌릿 기다리잖아 다 보이잖아 왜 알지 못하니 찌릿 찌릿 찌릿 찌릿 왜 반응이 없니 찌릿 찌릿 찌릿 찌릿 왜 알지 못하니 Sign을 보내 signal 보내근데 전혀 안 통해눈빛을 보내 눈치를 주네근데 못 알아듣네답답해서 미치겠다 정말왜 그런지 모르겠다 정말다시 한 번 힘을 내서Sign을 보내 signal 보내"
"2","30447547","LONELY","씨스타","     너무 익숙해 이제 매번 끝까지 가네이건 행복이 아냐 이건 사랑이 아냐니가 뭘 하든 너에게 맞춰야 하지널 이해하는 나니까그냥 또 이렇게 아무 말 안하고넘어가야 편하겠지대단한걸 바라는 게 아냐이제 많은 기대도 하지 않아다만 끝이 날 까봐이대론 널 잃을 까봐너는 이제 내가 쉬워지니너는 내 걱정들이 부담되니 우리우리 너무 변했나 봐Baby baby lonely lonely lonely이렇게 끝인 거니왜 이러니 너 자꾸나만 혼자서 또 외로운 거니Baby baby lonely lonely lonely이게 사랑이니나만 변한 거니우리 지금 싸움인지 연앤지우린 toastand butter 처럼 가까웠지closer than close 갑자기 차가웠지주된 분위기는 정적 싸늘의 정점화내고 소리치고 파도가 치는 절정또 아무렇지 않은 듯 넌 꿇어 앉어진심이 아닌데도 받아주고 끌어안어조금만 괜찮아지면 또 그 날이 와그 날이 오면내 심장이 빠질 것 같아대단한걸 바라는 게 아냐이제 많은 기대도 하지 않아다만 끝이 날 까봐이대론 널 잃을 까봐너는 이제 내가 쉬워지니너는 내 걱정들이 부담되니 우리우리 너무 변했나 봐Baby baby lonely lonely lonely이렇게 끝인 거니왜 이러니 너 자꾸나만 혼자서 또 외로운 거니Baby baby lonely lonely lonely이게 사랑이니나만 변한 거니우리 지금 싸움인지 연앤지우리 여기까지만 하고 잊어볼까그때로 다시 돌아갈 수는 없을까Lonely my heart이제 이별만 남았잖아너도 끝을 준비하잖아다시 돌아갈 수 없다는 게너무 아파Baby baby lonely lonely lonely이렇게 끝인 거니왜 이러니 너 자꾸나만 혼자서 또 외로운 거니Baby baby lonely lonely lonely이게 사랑이니나만 변한 거니우리 지금 싸움인지 연앤지With timeEverything will be forgottenand so will youThat's what's really sad"
"3","30403589","I LUV IT","싸이 (PSY)","     내 나이 사십 babe울 엄마 귀한 자식 babe직업은 댄스 가수 babe15년째 딴따라A yeah기술보다는 예술이 I LUV IT실력보다는 매력이 I LUV IT품격보다는 파격이 I LUV IT사치보다는 가치가 좋아 I LUV IT자신을 LUV IT 여러분도 LUV IT앞뒤 양옆 사람들 I LUV IT so much남 걱정에 잠은 자셨냐니 시방 밥은 자셨냐생선을 먹을 땐 가시 발라먹어수박을 먹을 때는 씨 발라먹어날 좋아하는 분들 내 사랑 먹어욕하고 모욕하고 그랬다 카더라 카는 분들 모여 이거나 먹어I LUV IT I LUV IT I LUV IT Oh yesI LUV IT I LUV IT I LUV IT 유후I LUV IT I LUV IT I LUV IT I LUV IT만사가 다 오케이야 어절씨구 옹헤야We like 2 party babe가끔은 추억 팔이 babe그 추억은 수억짜리 babe그 돈 줘도 안 팔아A yeah개미보단 베짱이 I LUV IT반칙보단 변칙이 I LUV IT화풀이보단 뒤풀이 I LUV IT선비보단 좀비가 좋아 I LUV IT나의 fan LUV IT 안티 I LUV IT앞뒤 양옆 사람들I LUV IT so much남 걱정에 잠은 자셨냐니 시방 밥은 자셨냐생선을 먹을 땐 가시 발라먹어수박을 먹을 때는 씨 발라먹어날 좋아하는 분들 내 사랑 먹어욕하고 모욕하고 그랬다 카더라 카는 분들 모여 이거나 먹어I LUV IT I LUV IT I LUV IT Oh yesI LUV IT I LUV IT I LUV IT 유후I LUV IT I LUV IT I LUV IT I LUV IT만사가 다 오케이야 어절씨구 옹헤야난 극단적인 놈 중간을 몰라요이 정도는 껌 껌 껌 껌난 끝장 보는 놈 중간이 없어요누워서 떡 떡 떡 먹한번 더I LUV IT I LUV IT I LUV IT Oh yesI LUV IT I LUV IT I LUV IT 유후I LUV IT I LUV IT I LUV IT I LUV IT만사가 다 오케이야 어절씨구 옹헤야오오오오오오오 좋아 좋아 좋아 좋아오오오오오오오 참좋아 아주 좋아오오오오오오오 좋아 좋아 좋아 좋아오오오오오오오"
"4","30453635","NEVER","국민의 아들","     사랑하지 않기를 원해 eh멈출 수 없는 기억 속에 yeah ehEverytime everywhere내 머릿속에 너밖에 안보여한 줌의 재가 되길 바래 yeah매일 반복해 널 지우는 일뼛속까지 시려조각들에 찔린 느낌다시 돌아보니눈부시게 빛나는 길부디 흔적 없이너를 남겨두지 않길 eh더 이상은 never ever근데 내 맘은 또 왜 널 채워We're not forever눈물로 채워슬픈 엔딩으로 끝난 우리 둘NeverYeah eh 내 머릿속에서이제는 get away아름답던 우리는 저 위로Yeah eh 깊은 곳에 맴도는 그 말I love you내 곁에서 떠나가줘 yeah난 니가 너무 무서워 yeahEverytime everywhere내 목숨조차아깝지 않을 사랑이었어I love you love you love you붙잡아낼 수도담아낼 수도 없어시간은 갈수록내 소유욕만 커져빛을 둘러싼 건어둠이라는 난데보이지 않는 내게서넌 멀어져 가네 eh더 이상은 never ever차라리 지금 내겐 getting betterWe're not forever눈물로 채워슬픈 엔딩으로 끝난 우리 둘NeverYeah eh 내 머릿속에서이제는 get away아름답던 우리는 저 위로Yeah eh 깊은 곳에 맴도는 그 말I love you아직도 내 맘 속엔슬픈 비가 내려와홀로 니가 내리던 밤I wanna see you again널 지워 이젠I don't wanna knowI don't wanna know나를 등져버린 그 마음과그런 말은 넣어둬너의 모든 순간과모든 추억을 다 잊어버리게I don't wanna goI don't wanna go아직 꺼지지 않은 불씨에숨을 불어넣어줘I let you go yeah oh혼자만의 에필로그이제는 끝을 내I'm going on my way더 이상은 never ever근데 내 맘은 또 왜 널 채워We're not forever눈물로 채워슬픈 엔딩으로 끝난 우리 둘NeverYeah eh 내 머릿속에서이제는 get away아름답던 우리는 저 위로Yeah eh 깊은 곳에 맴도는 그 말I love you"
"5","30403590","New Face","싸이 (PSY)","     어딜 쳐다보는 거냐고솔직히 너 그래 너 생판 처음 만난 너왜 널 쳐다보는 거냐고궁금해서 설레서 낯설어서uh 두근 두근 두근 워침착하게 서로서로 살살 알아볼까나오빠 차 핸들 살살 돌려볼까나모르는게 약이야객관식은 첫 눈에 찍는게 답이야뜨거운 fyah 너의 맘 나의 맘 두근 두근 두근 워사람 새로운 사람너무 설레어서 어지러워요만남 새로운 만남너무 설레어서 미치겠어요낯선 낯선 여자의 낯선 향기에Yes I want some new face낯선 낯선 여자의 낯선 향기에Yes I want some new faceNew face new face new new new faceNew face new face new new new face원래 이런 사람이냐고아니올시다 이거 봐봐눈을 맞춰야 눈이 맞아지금 작업하는 거냐고솔직히 yes 그래 yes 오 yesuh 두근 두근 두근 워궁합이 떡인지 살살 맞춰볼까나말하지 않아도 알아맞혀 볼까나알면 병이야 어서 나를 따너의 맥주병이야 님의 뽕이야너의 맘 나의 맘 두근 두근 두근 워사람 새로운 사람너무 설레어서 어지러워요만남 새로운 만남너무 설레어서 미치겠어요낯선 낯선 여자의 낯선 향기에Yes I want some new face낯선 낯선 여자의 낯선 향기에Yes I want some new faceNew face new face new new new faceNew face new face new new new faceHey we want some new face hey we want some new faceHey we want some new face hey we want some new face두근 두근 두근 워낯선 낯선 여자의 낯선 향기에Yes I want some new face낯선 낯선 여자의 낯선 향기에Yes I want some new face예이 예이 예이 예 all right new face예이 예이 예이 예 all right new face두근 두근 두근 워 new face"
"6","30390068","오늘 취하면 (Feat.창모) (Prod. SUGA)","수란 (SURAN)","     아직 잊지 못하고아주 달콤히 맴돌아나 꿈인 줄 모르고 star헤매이고 있어그냥 어지러운 가봐요잠이 든 그댄 아무 말도 말아요이미 익숙해진 우리 미로 사이참을 수 없어Have a feel so sweet어색했던 우리 첫 와인처럼쓰고 아프지만두 눈에 가득 담아흐르는 대로 널 보내줄게나 너에게 취해난 이 밤에 취해니가 모질게 했던 그 기억 속에그 추억에 헤매 널 찾고 있어그냥 잊을래너의 맘도 알고 싶어 boy그냥 잊어줘Baby Please don't go나 바빠 Bay 아니야그만 잡아 Phone우리 얘기 다 끝났어난 차가운 남자라고누가 취하면 그런 거 못해잡다 놓다가 새 Phone에지문 묻히기 누가 못하냐고알아 난 나이 24이별 따위엔 서툴지사실 이제 나 익숙해졌음 해마치 또래보다훨씬 많은 돈을 버는 일허나 나보다훨씬 여리디 여린 널 위해다 큰 어른인 척 좀할 수 밖에 없는걸 생각해 좀좀좀지울 수 없어Have a feel so sweet익숙해져 버린 네 향기처럼쓰고 아프지만내 맘에 가득 담아흐르는 대로 널 보내줄게나 너에게 취해난 이 밤에 취해니가 모질게 했던 그 기억 속에그 추억에 헤매 널 찾고 있어그냥 잊을래너의 맘도 알고 싶어 boy그냥 잊어줘Baby Please don't go눈 감으면 맴돌아 너와 걷던 길함께한 시간 이대로 잠들면 oh오늘 좀 취한 것 같아잠긴 목소리로 불러도넌 아무렇지 않게 가줘나 너에게 취해난 이 밤에 취해니가 모질게 했던 그 기억 속에그 추억에 헤매 널 찾고 있어그냥 잊을래너의 맘도 알고 싶어 boy그냥 잊어줘Baby Please don't go"
"7","30408193","맞지?","언니쓰","     넌 내가 어떤 꿈꾸는 것 같니지드래곤 같은 남자 아님 뭔데넌 내가 어떨 때 멋있는 것 같니언니쓰만큼 멋진 것 같은데please please please please 말해줘내가 또 움츠러들려고 하거든말해줘hey girlswe like itno shy shy shy okaya 1 and a 2we’re no sitting aroundlisten my girlswe like itwe sha sha shine okay자 맘을 먹고 설쳐보자you like it like it like itwe got it오늘 나 나 예쁜 거 맞지 맞지끝내 주는 거 맞지 끝내주지있잖아 너 넌 내 편 맞지 맞지나 오늘 미쳐버려도 되지cuz I’m going little crazytonight있잖아 나 오랜만에물 만난 것 같애넌 내가 어디가 괜찮은지말하면 뭐해 뭐가 부족한데넌 내가 어떤 날 또 생각나는지눈물 날 만큼 좋은 일 있을 때please please please please 말해줘내가 더 조금 더 높이 더 날수있도록hey girlswe like itno shy shy shy okaya 1 and a 2we’re no sitting aroundlisten my girlswe like itwe sha sha shine okay자 맘을 먹고 설쳐보자you like it like it like itwe got it오늘 나 나 예쁜 거 맞지 맞지끝내 주는 거 맞지 끝내주지있잖아 너 넌 내 편 맞지 맞지나 오늘 미쳐버려도 되지cuz I’m going little crazytonight있잖아 나 오랜만에물 만난 것 같애모두 다 우릴 봐봐소리쳐 미쳐 봐봐모두 다 우릴 봐봐소리쳐 미쳐 봐봐예예 one more baby예예 UnniesYeah Unnies 모두 우릴 봐봐우릴 보는 순간 모두 Huh 놀라진짜가 나타났지 서로 다른 곳에서하나로 뭉쳤지우리 너무 이쁘지 맞지 맞지그래서 그런지 남다른 에너지걱정하지마 그냥 일단 들어와해치진 않으니까 같이 즐겨봐오늘 나 나 행복해 미쳐 미쳐너도 지금 그렇지 끝내주지이제 나 난 내 Feel에 미쳐 미쳐딱 그냥 오늘처럼 살라구다신 주저앉지 않을라구있잖아 나 이제서야날 만난 것 같애"
"8","30378156","팔레트 (Feat. G-DRAGON)","아이유","     팔레트 (Feat. G-DRAGON)이상하게도 요즘엔 그냥 쉬운 게 좋아하긴 그래도 여전히 코린 음악은 좋더라Hot Pink 보다 진한 보라색을 더 좋아해또 뭐더라 단추 있는 Pajamas Lipstick 좀 짓궂은 장난들 I like it I'm twenty five날 좋아하는 거 알아I got this I'm truly fine이제 조금 알 것 같아 날긴 머리보다 반듯이 자른 단발이 좋아하긴 그래도 좋은 날 부를 땐 참 예뻤더라오 왜 그럴까 조금 촌스러운 걸 좋아해그림보다 빼곡히 채운 Palette 일기 잠들었던 시간들I like it I'm twenty five날 미워하는 거 알아I got this I'm truly fine이제 조금 알 것 같아 날어려서 모든 게 어려워 잔소리에 매 서러워꾸중만 듣던 철부지 애겨우 스무고개 넘어 기쁨도 잠시 어머아프니까 웬 청춘이래지은아 오빠는 말이야 지금 막 서른인데나는 절대로 아니야 근데 막 어른이 돼아직도 한참 멀었는데 너보다 다섯 살 밖에 안 먹었는데스물 위 서른 아래 고맘때 Right there애도 어른도 아닌 나이 때 그저 나일 때가장 찬란하게 빛이 나 어둠이 드리워질 때도 겁내지 마너무 아름다워서 꽃잎 활짝 펴서언제나 사랑 받는 아이 YOUPalette 일기 잠들었던 시간들I like it I'm twenty five날 좋아하는 거 알아I got this I'm truly fine이제 조금 알 것 같아 날아직 할 말이 많아I like it I'm twenty five날 미워하는 거 알아I got this I've truly found이제 조금 알 것 같아 날"
"9","30188113","Shape of You","Ed Sheeran","     The club isn’t the best place to find a lover So the bar is where I go Me and my friends at the table doing shots drinking fast and then we talk slow you come over and start up a conversation with just me and trust me I’ll give it a chance now Take my hand stop put van the man on the jukebox and then we start to dance And now I’m singing like Girl you know I want your love Your love was handmade for somebody like me Come on now follow my lead I may be crazy don’t mind me Say boy let’s not talk too much Grab on my waist and put that body on me Come on now follow my lead Come come on now follow my lead I’m in love with the shape of you We push and pull like a magnet do Although my heart is falling too I’m in love with your body Last night you were in my room And now my bed sheets smell like you Every day discovering something brand new I’m in love with your body Oh I Oh I Oh I Oh I I’m in love with your body Oh I Oh I Oh I Oh I I’m in love with your body Oh I Oh I Oh I Oh I I’m in love with your body Every day discovering something brand new I’m in love with the shape of you One week in we let the story begin We’re going out on our first date You and me are thrifty So go all you can eat Fill up your bag and I fill up a plate We talk for hours and hours about the sweet and the sour And how your family’s doing ok leave and get in a taxi then kiss in the backseat Tell the driver make the radio play and I'm singing like Girl you know I want your love Your love was handmade for somebody like me Come on now follow my lead I may be crazy don’t mind me Say boy let’s not talk too much Grab on my waist and put that body on me Come on now follow my lead Come come on now follow my lead I’m in love with the shape of you We push and pull like a magnet do Although my heart is falling too I’m in love with your body Last night you were in my room And now my bed sheets smell like you Every day discovering something brand new Well I’m in love with your body Oh I Oh I Oh I Oh I I’m in love with your body Oh I Oh I Oh I Oh I I’m in love with your body Oh I Oh I Oh I Oh I I’m in love with your body Every day discovering something brand new I’m in love with the shape of you Come on be my baby come onCome on be my baby come onCome on be my baby come onCome on be my baby come onCome on be my baby come onCome on be my baby come onCome on be my baby come onCome on be my baby come onI’m in love with the shape of youWe push and pull like a magnet doAlthough my heart is falling tooI’m in love with your bodyLast night you were in my roomAnd now my bed sheetssmell like youEvery day discoveringsomething brand newWell I’m in love with your bodyCome on be my baby come onCome on be my baby come onCome on be my baby come onCome on be my baby come onCome on be my baby come onCome on be my baby come onEvery day discoveringsomething brand newI’m in love with the shape of you"
"10","30341745","REALLY REALLY","WINNER","     REALLY REALLY REALLY REALLYOH WAHREALLY REALLY REALLY REALLY어디야 집이야 안 바쁨 나와봐너네 집 앞이야 너에게 하고픈 말이 있어이걸 어떻게 말을 꺼내야 할진 모르겠지만이상한 말 아냐 부담 없이 들어줘지금 내 눈에 제일 아름다운 건 너야 LADY널 향한 내 맘이 돈이면 아마 난 BILLIONAIRE널 좋아해REALLY REALLY REALLY REALLY내 맘을 믿어줘 OH WAHREALLY REALLY REALLY REALLY널 좋아해REALLY REALLY REALLY REALLY내 맘을 받아줘 OH WAHREALLY REALLY REALLY REALLY넌 나 어때멋지게 골인프러포즈 같은 세리머니정해보자 호칭 허니 말고 자기 아님 달링낯간지럽네 상상해봐도긴장돼 필요해 a lot of alcohol덩치는 산만해도 네 앞에선 작아지네oh 내 맘 알까나첫눈에 미끄러지듯이 Falling in love내 맘을 훔친 범인인 건 바로 너너의 미모 질투해 여신도내 심장의 떨림은 진동 brrr치명적인 매력이 날 killin’섹시해 날 자극하는 Hot chili woo오해하지 마 나는 진짜진심으로 채워줄게 너의 빈 잔지금 내 눈에 제일 아름다운 건 너야 LADY널 향한 내 맘이 돈이면 아마 난 BILLIONAIRE널 좋아해REALLY REALLY REALLY REALLY내 맘을 믿어줘 OH WAHREALLY REALLY REALLY REALLY널 좋아해REALLY REALLY REALLY REALLY내 맘을 받아줘 OH WAHREALLY REALLY REALLY REALLY넌 나 어때혹시라도 내가 불편하면 let me know한걸음 뒤로 가 단지 아는 사이로기다릴 수 있어 너도 나를 좋아할 거 같다 말해줘 지금 당장 만나 나 진심으로 네게 할 말이 있어 널 좋아해REALLY REALLY REALLY REALLY내 맘을 믿어줘 OH WAHREALLY REALLY REALLY REALLY널 좋아해REALLY REALLY REALLY REALLY내 맘을 받아줘 OH WAHREALLY REALLY REALLY REALLY넌 나 어때네가 좋아 REALLY REALLY OH YEAH널 좋아해"
"11","30367365","BLUE MOON (Prod. GroovyRoom)","효린","     어서 날 알아보길 바래 나 없는 넌 안 되겠다고 말해 깨고 또 깨어나도 반복되는 깊고 슬픈 꿈 내 머릴 쓰다듬고 이제 괜찮다고 말해 메마른 너의 눈빛은 make me crazy 둘 사이 파랗고 위태로운 다리를 건너 나밖에 몰랐었던 너 사랑이 전부였던 나 그곳으로 난 돌아가길 바래 날 끌어당겨 작은 틈도 없게 해줘네게 안겨 지친 맘을 쉬고 싶어발이 땅에 닿지 않는 이별 위를 혼자 허우적대며 걷지 않게 해줘 I walk on the moon in the air I walk on the moon in the air 바닥 출신의 신사가 널 원해 이 신사는 never leave you lonely 오늘 낮 오늘 밤 아 오늘 다 너한테 내줄래 무료로 다 전세 내 동네로 와 도시를 나와줘 도시의 공주님 나에게 맡겨 널 걱정 마 돈 벌어 구매할래 니 시간 말 안 할랬는데 내가 스타래 서울시가 널 탐하는 남자는 villain 영웅은 단번에 악당을 killin 야망이 가득한 난 그 후 널 안고 총 모양 오른손을 한 채로 1llin Baby girl 나와 그댄 어려 시간은 많잖아 나와 몇 억 초를 세버려 Mooooah 오늘뿐여도 yes 죽을 때까지라면 더 yes princess 날 끌어당겨 작은 틈도 없게 해줘네게 안겨 지친 맘을 쉬고 싶어발이 땅에 닿지 않는 이별 위를혼자 허우적대며 걷지 않게 해줘I walk on the moon in the airI walk on the moon in the airI walk on the moon in the airI walk on the moon in the air"
"12","30349593","사랑이 잘 (With 오혁)","아이유","     미리 말할게 사과는 안 해아무 말 없이 너 후회 안 해다 관심 없잖아 친구야 뭐야Oh you know what to do피곤해 그만 오늘은 놔 줘더 이상 반복하긴 싫어또 다 내가 나빠아마 그래 난 널 미워하나 봐사랑이 잘 안 돼떠올려 봐도피부를 비비고 안아봐도 입술을 맞춰도 참생각대로 되지 않아웃긴 것 같아되돌려보려고 서로 모른 척해도이제 와 우리가 어떻게다시 사랑 같은 걸 하겠어다섯 번째 미안하단 말이이젠 너에게는 지겨운 건지마지막일 거란 예감이 들어Oh you know what to do이건 내가 오늘 하루 종일그린 저녁은 분명 아니야널 보면 자꾸 네 안에 내가 보여서이젠 내가 싫어사랑이 잘 안 돼떠올려 봐도피부를 비비고 안아봐도 입술을 맞춰도 참생각대로 되지 않아웃긴 것 같아되돌려보려고 계속 모른 척해도이제 와 우리가 어떻게다시 사랑 같은 걸 하겠어어디야넌 어디야집이야난 택시야집에 거의 다 와가니Oh 미안해뭐 어떤 게그냥 다들어가나 지갑 거기 두고 왔어Oh 있잖아아니야말해 봐이제 더 사랑하지 않는 것 같아아사랑이 잘 안 돼떠올려 봐도피부를 비비고 안아봐도 입술을 맞춰도 참생각대로 되지 않아웃긴 것 같아되돌려보려고 서로 모른 척해도이제 와 우리가 어떻게다시 사랑 같은 걸 하겠어"
"13","30399360","미치고 싶다","한동근","     환상을 본 적이 있나요전 있어요아지랑이 같은 색깔이죠텅 빈 이 벤치에 그대가보이네요투명하고 연기 같긴 해도넋이 나간 날 보면서모두 미쳤냐고 해요뭐 그래요그대만 보인다면야미친 게 꼭 나쁘지는 않네요그래요차라리 더 미쳐서 보고 싶죠그대가어딨어 어딨어 도대체어디서 뭘 하고 있어 난이렇게나 망가지고 있는데갈수록 더 많이 보여요맘 아프게돌아올 것 같은 모습으로그대 보인다고 하면정신 차리라고 해요뭐 그래요그대만 보인다면야미친 게 꼭 나쁘지는 않네요그래요차라리 더 미쳐서 보고 싶죠그대가어딨어 어딨어 도대체어디서 뭘 하고 있어 난이렇게나 망가지고 있는데진짜 같은 네가 안아주는 모습더 진짜 같은 너와 입 맞추는 느낌이 모든 게 이 모든 게난 그리워서오늘도 미칠 듯이 취하고만 싶어요미친 게 꼭 나쁘지는 않네요그래요차라리 더 미쳐서 보고 싶죠그대가어딨어 어딨어 도대체어디서 뭘 하고 있어 난이렇게나 망가지고 있는데"
"14","30190630","첫눈처럼 너에게 가겠다","에일리","     널 품기 전 알지 못했다내 머문 세상 이토록 찬란한 것을작은 숨결로 닿은 사람겁 없이 나를 불러준 사랑몹시도 좋았다너를 지켜보고 설레고우습게 질투도 했던평범한 모든 순간들이캄캄한 영원그 오랜 기다림 속으로햇살처럼 니가 내렸다널 놓기 전 알지 못했다내 머문 세상 이토록 쓸쓸한 것을고운 꽃이 피고 진 이 곳다시는 없을 너라는 계절욕심이 생겼다너와 함께 살고 늙어가주름진 손을 맞잡고내 삶은 따뜻했었다고단 한번 축복그 짧은 마주침이 지나빗물처럼 너는 울었다한번쯤은 행복하고 싶었던 바람너까지 울게 만들었을까모두 잊고 살아가라내가 널 찾을 테니니 숨결 다시 나를 부를 때잊지 않겠다너를 지켜보고 설레고우습게 질투도 했던니가 준 모든 순간들을언젠가 만날우리 가장 행복할 그날첫눈처럼 내가 가겠다너에게 내가 가겠다"
"15","30314784","밤편지","아이유","     이 밤 그날의 반딧불을당신의 창 가까이 보낼게요음 사랑한다는 말이에요나 우리의 첫 입맞춤을 떠올려그럼 언제든 눈을 감고음 가장 먼 곳으로 가요난 파도가 머물던모래 위에 적힌 글씨처럼그대가 멀리 사라져 버릴 것 같아늘 그리워 그리워여기 내 마음속에모든 말을 다 꺼내어 줄 순 없지만사랑한다는 말이에요어떻게 나에게그대란 행운이 온 걸까지금 우리 함께 있다면 아얼마나 좋을까요난 파도가 머물던모래 위에 적힌 글씨처럼그대가 멀리 사라져 버릴 것 같아또 그리워 더 그리워나의 일기장 안에모든 말을 다 꺼내어 줄 순 없지만사랑한다는 말이 밤 그날의 반딧불을 당신의창 가까이 띄울게요음 좋은 꿈 이길 바라요"
"16","30442480","CALLING YOU","하이라이트 (Highlight)","     늦은 시간에 자꾸 전화해서 미안해조금 취했지만 정신은 말짱해Now I'm calling you calling you대답 없는 너지만아직 바뀌지 않은 너의 coloring처럼내 마음도 아직 여전해Now I'm calling you calling you널 부르고 있어조금만 더 채워줘 My friend오늘따라 외로워서 그래하늘에 달은 밝은데내 맘까지 비춰주진 않네가지마 It's not time to go man슬픔을 조금 나눠가 줄래아무리 피해보려 해도그 애가 자꾸 떠올라넌 지금 무얼 하는지이미 자고 있을런지혹시 내가 필요한지까맣게 다 잊었는지한 순간도 멈추지 않고내 모든 게 다 너를 향해 있어어느새 난 또 너의번호를 누르고 있어늦은 시간에 자꾸 전화해서 미안해조금 취했지만 정신은 말짱해Now I'm calling you calling you대답 없는 너지만아직 바뀌지 않은 너의 coloring처럼내 마음도 아직 여전해Now I'm calling you calling you널 부르고 있어사실 무슨 말을 해야 할지하나도 정리가 안 돼그저 어딘가에 있는 너의숨결이 너무 그리워네가 너무 보고 싶어잠에서 깨어나면많이 후회 하겠지만그걸 알면서도 어김없이Now I'm calling youI'm calling you아무 여자나 만나서널 잊어보려 했지만그럴수록 널 찾게 돼더욱 더 네가 그립기 만해바쁘게 지내다 보면괜찮을 줄 알았지만마음이 내 뜻대로 안돼또 너를 찾고 있잖아넌 지금 무얼 하는지이미 자고 있을런지혹시 내가 필요한지까맣게 다 잊었는지한 순간도 멈추지 않고내 모든 게 다 너를 향해 있어어느새 난 또 너의번호를 누르고 있어늦은 시간에 자꾸 전화해서 미안해조금 취했지만 정신은 말짱해Now I'm calling you calling you대답 없는 너지만아직 바뀌지 않은 너의 coloring처럼내 마음도 아직 여전해Now I'm calling you calling you널 부르고 있어사실 무슨 말을 해야 할지하나도 정리가 안 돼그저 어딘가에 있는 너의숨결이 너무 그리워네가 너무 보고 싶어잠에서 깨어나면많이 후회 하겠지만그걸 알면서도 어김없이Now I'm calling youI'm calling you아직 널 보내주지 못해 미안해매일 취해야 아픔을 버텨내Now I'm calling you calling you네가 들어줬음 해이제 그만하란 말이라도 좋아어떤 말이라도 난 괜찮아Now I'm calling you calling youI'm calling you"
"17","4786735","Marry Me","마크툽 (MAKTUB)","     비내리는 날엔우산이 돼주고어둠이 오면 빛이 돼줄게추운 겨울이면난로가 돼주고더운 날엔 바람이 될게잠이 들 때까지 머릴 만져줄게니가 두려울 때마다 꼭 옆에 있어줄게갑작스런 맘에 문득떠나고 싶으면내일 무슨 일이 있어도 함께 떠나줄게Marry Me내 손 잡아줄래요Marry Me나와 평생 함께 할래요남은 나의 모든 삶오직 그대 남자로 살고 싶어요Marry Me darling나와 결혼해줄래요순간뿐이 아냐 많이 생각했어헌데 내 사랑을 줄 수 있는 여잔 너밖에 없어차갑고 어두운 험하고쓸쓸한 세상 속평생의 동반자로 함께걸어가고 싶어Marry Me내 손 잡아줄래요Marry Me나와 평생 함께 할래요남은 나의 모든 삶오직 그대 남자로 살고 싶어요Marry Me darling나와 결혼해줄래요내 안에 숨쉬는 아름 다운 그대영원히 같은 꿈을 꾼다면 얼마나 좋을까믿어요 Marry Me그대와 함께 하는 매일이내겐 천국이죠나와 결혼해줄래요비내리는 날엔우산이 돼주고어둠이 오면 빛이 돼줄게"
"18","30383949","TOMBOY","혁오 (HYUKOH)","     난 엄마가 늘 베푼 사랑에 어색해 그래서 그런 건가 늘 어렵다니까 잃기 두려웠던 욕심 속에도 작은 예쁨이 있지 난 지금 행복해 그래서 불안해 폭풍 전 바다는 늘 고요하니까 불이 붙어 빨리 타면 안 되잖아 나는 사랑을 응원해 젊은 우리 나이테는 잘 보이지 않고 찬란한 빛에 눈이 멀어 꺼져가는데 아아아아아 아아아아아 아아아아아아아 아아아아아 아아아아아 아아아아아아아아아 슬픈 어른은 늘 뒷걸음만 치고 미운 스물을 넘긴 넌 지루해 보여 불이 붙어 빨리 타면 안 되니까 우리 사랑을 응원해 젊은 우리 나이테는 잘 보이지 않고 찬란한 빛에 눈이 멀어 꺼져가는데그래 그때 나는 잘 몰랐었어 우린 다른 점만 닮았고 철이 들어 먼저 떨어져 버린 너와 이젠 나도 닮았네 젊은 우리 나이테는 잘 보이지 않고 찬란한 빛에 눈이 멀어 꺼져가는데 아아아아아아아아아아아아아아아아아아아아아아아아아아아아아아아아아아아아"
"19","30453634","Oh Little Girl","슬레이트","     넌 내가 지킨다어떡해 마법이 풀리질 않아어쩌다 어쩌다 이렇게 됐니저 태양보다 더 뜨거운 내 맘어쩌면 어쩌면 사랑일 거야You take me high Fly me up so high풍선처럼 두둥실 떠올라 내 맘을 very 흔들어 놓아난 너의 기쁨 슬픔 모두 다 꼭 끌어안고오직 너만 알겠어사랑보다 깊은 감정을 느껴 지금 누구보다 약하면서도 강해그래 운명 따위는 내가 다 바꿀게Baby baby when you tell me something bad어떤 눈물이 흘러도 닦아줄게이별 따위랑은 이제 이별해크게 소리쳐Oh little girl 그 어떤 말로도Little girl 널 꾸밀 수 없어사랑보다 더 사랑 같은 너 YouOh little girl 이 세상 모든걸Little girl 다 잃는다 해도운명보다 더 운명 같은 널넌 내가 지킨다넌 내가 지킨다 넌 내가 지킨다언젠가 마법이 풀린대도 어쩌다 어쩌다 그럴지라도태양이 빛을 다 잃는다 해도 날 믿어 날 믿어 We could be something꽃잎이 져도 매일 그대 곁에 있을게 시간이 내게 준 지금이라는 보물 바로 너그래 그 머리부터 발끝까지 내게 기대내 전부를 다 걸겠어사랑보다 깊은 감정을 느껴 지금 누구보다 약하면서도 강해그래 운명 따위는 내가 다 바꿀게Baby baby when you tell me something bad어떤 눈물이 흘러도 닦아줄게그 아름다움 앞에 상냥해지는내가 소리쳐Oh little girl 그 어떤 말로도Little girl 널 꾸밀 수 없어사랑보다 더 사랑 같은 너 YouOh little girl 이 세상 모든걸Little girl 다 잃는다 해도운명보다 더 운명 같은 널넌 내가 지킨다Baby 더는 없어 lonelinessAnd We 계절을 뛰어넘어온 세상이 너로 꽉 찼는걸 I know you and meOh little girl 널 위한 멜로디Little girl 목 터져라 불러사랑보다 큰 사랑노래야 YouOh little girl 이 세상이 우릴Little girl 속일지라도운명보다 더 운명 같은 널넌 내가 지킨다넌 내가 지킨다너만을 지킨다"
"20","30261007","KNOCK KNOCK","TWICE (트와이스)","     열두시가 되면 닫혀요조금만 서둘러 줄래요Knock knock knock knock knock on my doorKnock knock knock knock knock on my door밤이 되면 내 맘속에출입문이 열리죠누군가 필요해 Someone else자꾸자꾸 서성이네몰래 몰래 훔쳐보네Knock knock knock knock knock on my doorKnock knock knock knock knock on my door보나마나 또 playboy떠보나마나 bad boy확신이 필요해 Knock knock내 맘이 열리게 두드려줘세게 쿵 쿵 다시 한번 쿵 쿵Baby knock knock knock knock knock on my doorKnock knock knock knock knock쉽게 열리지는 않을 거야 say that you’re mine내일도 모레도 다시 와줘준비하고 기다릴게 knock on my Baby knock knock knock knock knock on my doorKnock knock knock knock knock들어도 계속 듣고 싶은 걸Knock on my door필요 없어 gold key or get lucky진심이면 everything’s gonna be okay어떡해 벌써 왔나 봐 잠시만 기다려 줄래요혼자 있을 때 훅 들어와정신 없이 날 흔들어 놔지금이 딱 널 위한 show time make it yours댕 댕 울리면 매일 찾아와줄래뱅뱅 돌다간 잠들어 버릴 걸요Knock knock knock knock knock on my doorKnock knock knock knock knock on my doorCome in come in come in baby take my hands내 맘이 열리게 두드려줘세게 쿵 쿵 다시 한번 쿵 쿵Baby knock knock knock knock knock on my doorKnock knock knock knock knock쉽게 열리지는 않을 거야 say that you’re mine내일도 모레도 다시 와줘준비하고 기다릴게 knock knockBaby knock knock knock knock knock on my doorKnock knock knock knock knock들어도 계속 듣고 싶은 걸Knock on my doorHey hey이 시간이 지나면굳어있던 내 맘이 내 내 맘이아이스크림처럼 녹아 버릴 테니까Come knock on my door내 맘이 열리게 두드려줘세게 쿵 쿵 다시 한번 쿵 쿵Baby knock knock knock knock knock on my doorKnock knock knock knock knock쉽게 열리지는 않을 거야 say that you’re mine내일도 모레도 다시 와줘준비하고 기다릴게 knock knockBaby knock knock knock knock knock on my doorKnock knock knock knock knock들어도 계속 듣고 싶은 걸Knock on my doorKnock knock knock knock on my doorI’m freakin’ freakin’ out freakin’ out out knock knockKnock knock knock knock on my doorKnock knock knock knock knock on my doorKnock knock knock knock knock on my door"
"21","30453633","열어줘","Knock","     너를 볼 때면 맘이 요동쳐숨도 쉴 틈 없이 너에게로 달려가눈이 마주친 순간 모든 게멈춰버린 듯이 너 하나로 가득 해한걸음 걸을 때마다그림자가 되어 널 지킬게눈이 부셔 이 순간에내겐 넌 꿈만 같은 걸텅 빈 마음에 가득 채워 너란 존재너 하나만 꼭 들어오게너에게만 내 문을 열게어떤 단어로도 이 기분 설명 못해상상할 수 없이 feels good아름다운 너의 미소묘하게 나를 이끌어거부할 수 없어 난운명처럼 깊숙히 파고들어열어줘 열어줘 열어줘커져버린 내 맘속 한 사람 맘을열어줘 열어줘 열어줘너란 색으로 나를 채워줘yeah yeah yeah yeah yeah 너의 손끝에yeah yeah yeah yeah yeah 내가 있어열어줘 열어줘 열어줘내 심장은 오늘도 너뿐인걸I wanna know뜨거워진 마음 어찌할 줄을 몰라 난 오늘도환상일까 꿈은 아닐까 난 겁이나아무도 모를걸 Make me crazy now백 번을 말해도 내 기분 모를걸난 너의 손짓 표정 속에 담긴달콤함에 녹아 새로운 숨을 쉬어마른 마음에 사랑이란 물을 주네내가 숨쉴 수 있게 해간지러운 네 숨결로온종일 나를 설레게 해거부할 수 없어 난운명처럼 깊숙히 파고들어열어줘 열어줘 열어줘커져버린 내 맘속 한 사람 맘을열어줘 열어줘 열어줘너란 색으로 나를 채워줘yeah yeah yeah yeah yeah 너의 손끝에yeah yeah yeah yeah yeah 내가 있어열어줘 열어줘 열어줘내 심장은 오늘도 너뿐인걸오랫동안 기다렸어내 세상을 달빛처럼 비추길어둠 속에 유일한 빛 이길운명처럼 깊숙히 파고들어열어줘 열어줘 열어줘커져버린 내 맘속 한 사람 맘을열어줘 열어줘 열어줘너란 색으로 나를 채워줘yeah yeah yeah yeah yeah 너의 손끝에yeah yeah yeah yeah yeah 내가 있어열어줘 열어줘 열어줘내 심장은 오늘도 너뿐인걸"
"22","30431400","모해 (mohae) (Feat. 볼빨간사춘기)","San E","     모해카톡 한번 훑다가 보내이상한 뜻 아냐 마 오해별거 아냐 그냥 뭐 하며 사나급 생각나서 순수하게모해 모해 모해 모해 모해커피 밥도 좋고모해 모해 모해 모해 모해나야 술도 좋고요즘 뭐 해 바빠 문자 안부 인사차본지 꽤 된 듯 나 더 잘생겨졌다웃기지 ㅋㅋ 궁금하지도 않냐정 없다 넌 참난 좀 보고 싶던데근데 진짜 100퍼센트 뻥 안치고 딴뜻은 없어 이상하게 생각하지 마Yah you think I'm lying진짜야 난 거짓말 티 나내 얼굴 봐봐아차차 우 못 보지 최근 사진 볼래솔직히 난 아까부터 네 프사 보네Huh 근데 이거 너야왜 이리 이뻐진 거야뭐 한 거야 웃는 이모티콘 하하모해카톡 한번 훑다가 보내이상한 뜻 아냐 마 오해별거 아냐 그냥 뭐 하며 사나급 생각나서 순수하게모해 모해 모해 모해 모해커피 밥도 좋고모해 모해 모해 모해 모해나야 술도 좋고근데 왜 아직까지 안 자는 거야 왜Oh 폰 만지다 보니 나도 그래사실 한잔했어 수지가 너로 보이네취한 듯 우 달빛이 널 부르래로맨틱하지 않니 엄마 왈근데 넌 왜 없니인정 어 인정 비커우즈 암 찌질해그러니 전화도 못 하고문자로 이렇게 취중진담김동률 아 뭐래 ?f넌 언제 편해나 혼자 얘기하니왜 계속 답이 없지아 엄마가 불러 갔니그건 이해 읽으면 말해 꼭뭐래카톡 한번 훑다가 보내이상한 뜻 아냐 마 오해별거 아냐 그냥 이상한 사람아 자꾸 연락 와 암튼모해 넌모해 모해 모해 모해커피 밥도 좋고모해 넌모해 모해 모해 모해나야 술도 좋고잠깐만 근데 이 사람이 사람 미쳤나 봐 어머머무섭게 왜 이래 기다려봐 wait차단했어 암튼 너는모해 모해 모해 모해 모해커피 밥도 좋고모해 모해 모해 모해 모해나야 술도 좋고모해 모해 모해 모해 모해다시 들어와 봤다모해 모해 모해 모해 모해"
"23","8276709","아름다워","창모 (CHANGMO)","     널 이제 놓아줘야 될것같애의미없는 날짜를 셀것같애내 손이 아닌 꽃이 무대인 나비 다시 날갯짓 하길이제는 bye bay나에게는 크리스탈 혹은 별과 비슷한 빛을가진 diamondluxury thang널 봐 난널 위한 걸까 날 위한 건지허나 넌 더욱 어울려 누군가의더큰 어깨 제발 글로 갈래내가 나쁠래 모자 쓰고 말해찡그리며 오지마너와 함께인 순간은 불안의 연속에 연속 내가 부족하니미안해나의 자존심 때문에우아한 프라다우아한 샤넬깔끔한 마르지엘라같은 너에 반해잘하려했지허나 자격지심 때문에너를 못가져 너를 못 안어 그댄 변함없이 아주너무나도 아름다워 RunRun누가 먹였니 너의 높은 값어칠언제부터 너는 그리 아름다웠니누가 넌 과분하데 나는 말없이그래허나 난 너에겐 가면쓰고 감췄지남겨 미안해 기스같은 상처그렇지 않음 내 가별거 없는 애처럼느껴져 몰아세운거야 미워해줘 날모두 사랑해준 너이제는 알겠어내가 널 가진 것이 아니고 너가 와준 것이라는 것을너없는 이 도시마치 압구정의 club 그 속에 나는 먼지나는 특별하지않네너를 위안 삼았나봐 너가 사랑할때Oh 우리 걷던 거릴 지나갈때초라한 내게 그댄 빛을 발해 우아한 프라다우아한 샤넬깔끔한 마르지엘라같은 너에 반해잘하려했지허나 자격지심때문에너를 못가져 너를 못 안어 그댄 변함없이 아주 너무나도 아름다워 "
"24","30163110","좋다고 말해","볼빨간사춘기","     안녕 오늘도같은 자리 버스 창가에기대 앉은 네게인사를 해 Hi역시 넌 받아 주지를 않네인기 많고 잘생긴 넌 내게만그렇게 쌀쌀하게 굴더라근데 Last Night기억나 넌 내가 좋다고 했어그 예쁜 가로등 아래서넌 내가 좋다고 말했어다음부턴 모른 척아닌 척해도You Have To Know That확신을 해야 돼 넌그날 넌내가 좋다고 했어 YeahIf You Like Me OrLove Me Just Say Yes Yes YesAnd Then I'm Your GirlfriendAnd You're My Boyfriend어서 내게 좋다고 말해 줘몰래 오늘도도서관 맨 앞자리에기대 앉은 네게인사를 해 Oh Boy역시 넌 받아 주지를 않네인기 많고 잘생긴 넌 내게만그렇게 쌀쌀하게 굴더라근데 Last Night기억나 넌 내가 좋다고 했어그 예쁜 가로등 아래서넌 내가 좋다고 말했어다음부턴 모른 척아닌 척해도You Have To Know That확신을 해야 돼 넌그날 넌내가 좋다고 했어 YeahIf You Like Me OrLove Me Just Say Yes Yes YesAnd Then I'm Your GirlfriendAnd You're My Boyfriend어서 내게 좋다고 말해 줘 Oh널 참 많이 좋아하는 난데우린 이어질 수 없는 걸까내 긴 교복 치마가 부끄러워초라해 Yeah네 곁엔 항상 키 크고예쁜 애들이 넘치는데 WooIf You Like MeIf You Love Me YeahAnd Then I'm Your GirlfriendAnd You're My Boyfriend어서 내게 좋다고 말해 줘If You Like Me OrLove Me Just Say Yes Yes YesAnd Then I'm Your GirlfriendAnd You're My Boyfriend어서 내게 좋다고 말해 줘"
"25","30414090","처음부터 너와 나","볼빨간사춘기","     Baby you 나의 사랑 그대 널 보면 너 함께 있으면 어둠은 사라져 시간은 멈춰서 이 공간엔 너와 나 둘만 남겨져 Love was always painful 널 알기 전 사실 나 두렵던 사랑이란 감정 날 울리던 함정 그렇게만 생각했는데 내 안에 빛이 되어줘 나의 맘을 알아줘 내 세상에 밝은 별이 되어줘 후회하지 않을게 너의 이유 되어 줄게 처음부터 너와 나인 것처럼 가슴이 멎은 것처럼 아련해지는 걸 내 하루는 이미 너 하나인 걸 사랑한단 이유로 상처 주진 않을게 처음부터 너와 나인 것처럼 Love you 지금도 I was thinking about you 잠들기 전 그저 널 생각해 사랑이란 감정 스며들어 점점 이렇게 네 생각나는데 내 안에 빛이 되어줘 나의 맘을 알아줘 내 세상에 밝은 별이 되어줘 후회하지 않을게 너의 이유 되어 줄게 처음부터 너와 나인 것처럼 Love you 나만 너를 모른 채 살아온 것만 같아 우리 마치 오래 전 이미 시작된 사랑인 것만 같아 가슴이 멎은 것처럼 아련해지는 걸 내 하루는 이미 너 하나인 걸 사랑한단 이유로 상처 주진 않을게 처음부터 너와 나인 것처럼 나만의 빛이 되어줘내 세상에 밝은 별이 되어줘후회하지 않을게너의 이유 되어 줄게처음부터 너와 나인 것처럼Love you"
"26","30428511","지나쳐 (Feat. DEAN)","로꼬","     너무 지나쳐 휘어지는 굴곡이 너무 지나쳐올라간 치마 길이 너무 지나쳐내려가는 나의 시선이 지나쳐 너의 발길을 멈추기엔나의 평범함이 너무 지나쳐니가 소리 내는 하이힐 킥 주위엔검은 제비들 높이가 너무 지나쳐일정한 걸음걸이 난 나른하고 싶지만심장박동이 너무 지나쳐풀린 듯한 눈 가던 길 가라 하는 듯해도나는 못 지나쳐관람하기만 해 홀로 앉은 채로 숨 막히는 청불 영화를 보듯이난감하기만 해 팔다리가 아무것도 못하고 있는 나의 모습이 사실 너와 눈 마주치기 싫어이미 지나치게 축복받고 있는 삶이흐트러질 것 같거든 망가져 버릴 것만 같거든너무 지나쳐 휘어지는 굴곡이 너무 지나쳐올라간 치마 길이 너무 지나쳐내려가는 나의 시선이 지나쳐 Can I get a oh yeah oh yeah넌 too much but I like itok her dance is too much but I like it봄이 코끝을 스치듯넌 날 지나쳐 yeah니가 모르게 널 상상해도이번에는 닿지 않기를 빌게이제는 주머니가 두둑해도하루빨리 이 앨범을 내야 해바텐더는 내게 술을 주지 마창문은 이쪽으로 바람 불지 마난 지금도 충분히 충분하니까내 앞에서 더는지나치지 마 oh yeah nope지금 이 느낌이 김칫국이라면 no more yeah신께서 주신 찬스인 거라도 괜히 걱정돼 oh wait이건 본 적 없던 케이스I don't care yeahI don't wanna care-ay-ay-yeahDJ Play it again again너무 지나쳐휘어지는 굴곡이 너무 지나쳐올라간 치마 길이 너무 지나쳐내려가는 나의 시선이 지나쳐Can I get a oh yeah oh yeah넌 too much but I like itok her dance is too much but I like it봄이 코끝을 스치듯넌 날 지나쳐 yeah"
"27","5605860","오빠야","신현희와김루트","     오빠야내가 진짜 좋아하는 사람이생겨서 혼자 끙끙앓다가 죽어버릴 것만 같아서얘기를 한다눈 앞에 아른아른거리는잘생긴 얼굴 자꾸귀에 맴도는 그의촉촉한 목소리 예네가 좋아하는 그 남자도대체 누구길래이렇게나 들뜬 거니얼굴은 어떻게 생겼는지무슨 일을 하는지나는 너무나 궁금해나는 너를 좋아하고너를 좋아하고 너도나를 좋아하고나를 좋아하고우린 서로 좋아하는데도그 누구도 말을 안 해요나는 너를 좋아하고너를 좋아하고너도 나를 좋아하고나를 좋아하고우린 서로 좋아하는데도그 누구도 말을 안 해요말을 하면 멀어질까 너무 두려워너를 잃기가 나는 너무 무서워말을 하면 멀어질까 너무 두려워너를 잃기가 나는 너무 무서워 예좋아하는 마음에 떨리는 날들에더 없이 덧없이 마음이 커지고두근대는 마음에 설레는 날들에난 헤어 나올 수 없어나는 너를 좋아하고너를 좋아하고너도 나를 좋아하고나를 좋아하고우린 서로 좋아하는데도그 누구도 말을 안 해요나는 너를 좋아하고너를 좋아하고너도 나를 좋아하고나를 좋아하고우린 서로 좋아하는데도그 누구도 말을 안 해요나는 너를 좋아하고너를 좋아하고너도 나를 좋아하고나를 좋아하고우린 서로 좋아하는데도그 누구도 말을 안 해요나는 너를 좋아하고너를 좋아하고너도 나를 좋아하고나를 좋아하고우린 서로 좋아하는데도그 누구도 말을 안 해요나는 너를 좋아하고너를 좋아하고너도 나를 좋아하고나를 좋아하고우린 서로 좋아하는데도그 누구도 말을 안 해요나는 너를 좋아하고너를 좋아하고너도 나를 좋아하고나를 좋아하고우린 서로 좋아하는데도그 누구도 말을 안 해요"
"28","8276708","마에스트로 (Maestro)","창모 (CHANGMO)","     다섯살때부터 나는피아노를 쳤어 영재였지베토벤부터 모짜르트바흐 쇼팽 선배였지허나 나난 걸 접고서가사를 썼어 열넷이었지  난 이게 참 좋아그건 못 벌어그 새끼들 모두 엿먹어 베르사체 무한리필 drank그게 내 1악장 Maserati car 하얀색 대리석house 그게 내 2악장 Mic는 바로 나의 지휘봉 불러 maestro maestro 불러 maestro maestro 사실 수트바지보다내려쳐입는게 훨 더 나점잖떠는거는 못해그냥 외쳐버려 돈 쌓자부자들은 거의겉으론 젠틀해 건희씨는 칭호노창씨는 성을 떼요방금 나의 라인을 듣고너는 말해 내가 fucked up허나 이 삶에 locked up 될바엔일을 벌릴테야리스크를 향해 첨벙비닐 속 안 피아노꿈꾸던 이는그걸 치며 살기위해선돈이 숨구멍임을 알고서 악보따윈동네 땅에 큰 구덩이를 파 묻고 선언했지내 자신이 classic임임을딱 박아둬내게 소나타는 오직 차그것따윈 never 생각안해날 비춰라 all of the lights지금 내 symphony 1악장의끝이났어 fuck 다 카포절대로 없어 난 돌아갈일박수 no no 2악장 play 할렐루야다섯살때부터 나는피아노를 쳤어 영재였지베토벤부터 모짜르트바흐 쇼팽 선배였지허나 나난 걸 접고서가사를 썼어 열넷이었지  난 이게 참 좋아그건 못 벌어그 새끼들 모두 엿먹어 베르사체 무한리필 drank그게 내 1악장 Maserati car 하얀색 대리석house 그게 내 2악장 Mic는 바로 나의 지휘봉 불러 maestro maestro 불러 maestro maestro Hash hash hash hash#돈벌어Hash hash hash hash#좀처럼 나오지 않는 영재Shout out to kubrick shout out to파우스트 괴테 shout out to michael tysonshout out to 고흐 warholcasso 그리고 내 이름을 박길Woah 한국 아인슈타인노멀한 애들이 엿먹여하지만 i dont give a fuckson imma fuck you up여기가 무덤이라 적긴 일러 내 예술의 전당은 club야불러 날 마에스트로그럼 난 그렇게 불려내 계급으론백건우 카라얀 work위한정도를 걸을수 없으니 Deepflow꺼 섞어 잘 어울려 내가 쳐먹었네 2nd round클래식 용어론 끝 2악장내 이런 이력 좋데 내 여잔Piano와 랩을 함난 있어 전용 orchestra키보드 고장난 맥북과내겐 위인 아닌 갓 세종과 연주해 내 삶다섯살때부터 나는피아노를 쳤어 영재였지베토벤부터 모짜르트바흐 쇼팽 선배였지허나 나난 걸 접고서가사를 썼어 열넷이었지  난 이게 참 좋아그건 못 벌어그 새끼들 모두 엿먹어베르사체 무한리필 drank그게 내 1악장 Maserati car 하얀색 대리석house 그게 내 2악장 Mic는 바로 나의 지휘봉 불러 maestro maestro불러 maestro maestro"
"29","30310862","얼굴 찌푸리지 말아요","하이라이트 (Highlight)","     오늘따라 유난히 웃지 않는네가 왠지 슬퍼 보여무슨 일이 있냐는 나의 말에괜찮다며 고갤 돌려너의 눈물 한 방울에내 하늘은 무너져 내려깊게 내쉬는 한숨이 내 맘을 찢어난 너의 빛이 될게그림자를 거둬줘 이제그 천사 같은 얼굴에작은 상처 하나도너에겐 생기지 않기를 원해너의 슬픔 조차도나에게 모두 맡겼으면 해 Ma Baby얼굴 찌푸리지 말아요Baby 넌 웃는 게 더 예뻐그렇게 슬픈 표정하지 말아요널 보면 내 맘이 너무 아파 Oh Oh그래 그렇게 날 보며 웃어줘 Oh Oh그 예쁜 얼굴 찌푸리지 말아줘숨기지 말고 내게 말해줘아무 말 없이 널 안아줄게내 품 안에서네 상처 다 아물 수 있게늘 아름다운 것만 담아주고 싶어예쁜 두 눈에미소만 짓게 해줄게 그 입술에난 너의 빛이 될게그림자를 거둬줘 이제그 천사 같은 얼굴에작은 상처 하나도너에겐 생기지 않기를 원해너의 슬픔 조차도나에게 모두 맡겼으면 해 Ma Baby얼굴 찌푸리지 말아요Baby 넌 웃는 게 더 예뻐그렇게 슬픈 표정하지 말아요널 보면 내 맘이 너무 아파 Oh Oh그래 그렇게 날 보며 웃어줘그 예쁜 얼굴 찌푸리지 말아줘모두가 떠나도 난 너만 있으면 돼그렇게 내 안에서 행복하길 원해널 지킬 수만 있다면아깝지 않아 내 세상마저도얼굴 찌푸리지 말아요Baby 넌 웃는 게 더 예뻐그렇게 슬픈 표정하지 말아요널 보면 내 맘이 너무 아파 Oh Oh그래 그렇게 날 보며 웃어줘그 예쁜 얼굴 찌푸리지 말아줘"
"30","30355842","She`s a Baby","지코 (ZICO)","     믿을 수가 없어난생 처음인 걸이만큼 쏟아부었던 적퉁명스러운 말투 숨겨놓은 그 마음을입맞춤으로 눈치챘어특별해 좀 인정해온갖 참견이 너만 지목해It's okay 내가 이제하루 종일 돌봐줄게She's a baby 알고 보면 애기혼자 두면 큰일 나요 All day때찌때찌 털끝 하나 건드렸담 봐Let her sleep well yeah잘 들어 손 안 쓰고 간지럼 태울게좋아해란 말은 그만 관둘래얼마 못 가서넌 날 엄청나게사랑하게 될 거야이렇게 행복할 땐뒤도는 거 아니야 ah ahHow ya feel 기분 어때고개 까딱까딱해줘She's a baby 알고 보면 애기혼자 두면 큰일 나요 All day때찌때찌 털끝 하나 건드렸담 봐Let her sleep well yeah내 검지를 움켜진작은 손엔 복숭아 향이 나얼마나 멋져져야그 눈동자에 나만 담길까남김없이 다퍼다 줄래 개털 돼도뭐랬어 중간 없대도Not enough심장에 무리 갈 만큼 해야지가끔 힘들면 그 시간 나한테 맡겨깨끗이 해결 짓고 올게그땐 말없이 안겨혼란만 부추겼던 등장인물이었지만지나보면 못 잊을 줄거리야네 얘기야She’s a baby 알고 보면 애기혼자 두지 않을 거야 절대Happy happy네 남자친구 부럽다 정말"
"31","30049271","All I Wanna Do (K) (Feat. Hoody, Loco)","박재범","     Girl 말해줘 네 마음 바로 지금Baby 같이 올라가자 하늘 위로All I wanna do is kick it with you너의 몸매 그린 것만 같아 미술오늘 의상처럼 네 마음도 씨쓰루All I wanna do is kick it with youGirl 뭐가 중요한지baby 바로 말해줄게나 지금 5천만원짜리 시계 찼지만나는 너를 훨씬 아끼지 babe네가 원한다면 안 찰게허세 따위는 안 통하니까넌 정말 신기한 여자나를 노력하게 만드니까baby oh yeah우리 둘의 밤을 상상했어girl all night몸에 타투를 보여줘If it's alrightGirl 말해줘 네 마음 바로 지금Baby 같이 올라가자 하늘 위로All I wanna do is kick it with you너의 몸매 그린 것만 같아 미술오늘 의상처럼 네 마음도 씨쓰루All I wanna do is kick it with you어떡해 내 맘에 네가 들어오려 해쉽게 빠질까 봐 위험해 보여조심하려 할 때움직여지지 않아날 보는 네 시선이 내 몸을 감아하나로 얽혀 너와 나이제부턴 아무도 풀지 못해뻔하지 않게 우연같이 만나 baby서로에게 녹아들어오늘밤 우리 기분은 저 하늘 구름 위네 몸에 타투를 보여줘이미 내 맘은 준비되어있어Boy 말할게 내 마음 바로 지금그래 같이 올라가자 하늘 위로All I wanna do is kick it with you네가 원한대로 내 대답은 Me too이제부터 널 부르게 해줘 My booAll I wanna do is kick it with you내가 하고 싶은 모든 것 뒤엔너와 함께 가 생략 되어 있지요즘 인기 많은교포오빠들과는 달라김치 향기가 배어있지덕분에 난 몰아 호랑이택 달린 옷은 방에 쌓여가고 있어밤에 입어 편하게이젠 너는 나 나는 너로 구분 짓고ALL I WANNA DO 라고 말해 편하게너의 옆자리를 상상할 거고그곳에는 내가 있게 될 거야그리고 너에 대해 장담하건대뭐든 할 수 있을 거라고 믿게 될 거야Girl 말해줘 네 마음 바로 지금Baby 같이 올라가자 하늘 위로All I wanna do is kick it with you너의 몸매 그린 것만 같아 미술오늘 의상처럼 네 마음도 씨쓰루All I wanna do is kick it with you"
"32","30244931","봄날","방탄소년단","     보고 싶다이렇게 말하니까 더 보고 싶다너희 사진을 보고 있어도보고 싶다너무 야속한 시간나는 우리가 밉다이젠 얼굴 한번 보는 것 조차힘들어진 우리가여긴 온통 겨울 뿐이야8월에도 겨울이 와마음은 시간을 달려가네홀로 남은 설국열차니 손 잡고 지구 반대편까지 가겨울을 끝내고파그리움들이 얼마나눈처럼 내려야 그 봄날이 올까Friend허공을 떠도는작은 먼지처럼 작은 먼지처럼날리는 눈이 나라면조금 더 빨리네게 닿을 수 있을 텐데눈꽃이 떨어져요또 조금씩 멀어져요보고 싶다 보고 싶다보고 싶다 보고 싶다얼마나 기다려야또 몇 밤을 더 새워야널 보게 될까 널 보게 될까만나게 될까 만나게 될까추운 겨울 끝을 지나다시 봄날이 올 때까지꽃 피울 때까지그곳에 좀 더 머물러줘 머물러줘니가 변한 건지니가 변한 건지아니면 내가 변한 건지내가 변한 건지이 순간 흐르는 시간조차 미워우리가 변한 거지 뭐모두가 그런 거지 뭐그래 밉다 니가 넌 떠났지만단 하루도 너를잊은 적이 없었지 난솔직히 보고 싶은데이만 너를 지울게그게 널 원망하기보단덜 아프니까시린 널 불어내 본다연기처럼 하얀 연기처럼말로는 지운다 해도사실 난 아직 널 보내지 못하는데눈꽃이 떨어져요또 조금씩 멀어져요보고 싶다 보고 싶다보고 싶다 보고 싶다얼마나 기다려야또 몇 밤을 더 새워야널 보게 될까 널 보게 될까만나게 될까 만나게 될까You know it allYou're my best friend아침은 다시 올 거야어떤 어둠도 어떤 계절도영원할 순 없으니까벚꽃이 피나봐요이 겨울도 끝이 나요보고 싶다 보고 싶다 보고 싶다 보고 싶다조금만 기다리면며칠 밤만 더 새우면만나러 갈게 만나러 갈게데리러 갈게 데리러 갈게추운 겨울 끝을 지나다시 봄날이 올 때까지꽃 피울 때까지그곳에 좀 더 머물러줘 머물러줘"
"33","30290011","부담이 돼 (Feat. 휘인 Of 마마무)","정키","     더는 할 말이 없어다른 이유도어떤 변명도 난의미 없단 걸 알아끝이란 게 다 그렇잖아더는 물어보지 마언제부턴지왜 그런 건지 난그저 함께한 이 모든 게힘들었다고 말하잖아니 품에 안기던그날 밤에도입을 맞추던그 순간에도 나에게그 모든 게더는 너에게 말할 수 없는상처로 남아내겐 그 모든 게 다부담이 돼그렇게 내게말하지 마나도 내 맘을 어쩔 수 없는 걸오늘까지도 많이 힘들었단 걸너는 알고 있잖아니 품에 안기던그날 밤에도입을 맞추던그 순간에도 나에게그 모든 게더는 너에게 말할 수 없는상처로 남아내겐 그 모든 게 다처음엔 나도아무렇지 않았어깊어지면 질수록너에 품에서 문득끝이라는 게 너무 두려워서애써 괜찮은 척만또 난니 품에 안기던그날 밤에도입을 맞추던그 순간에도 미안해이해해줘더는 너에게 말할 수 없는그 모든 것이 내겐부담이 돼마주하는 지금에도 난니 품에 안기던그날 밤에도입을 맞추던그 순간에도 미안해이런 나를 이해해줘쉽지 않을 걸 알지만더는 할 수 없는 걸이 모든 게"
"34","30378157","이런 엔딩","아이유","     안녕 오랜만이야물음표 없이 참 너다운 목소리정해진 규칙처럼추운 문가에 늘 똑같은 네 자리제대로 잘 먹어 다 지나가니까예전처럼 잠도 잘 자게 될 거야 진심으로 빌게 너는 더 행복할 자격이 있어그런 말은 하지 마 제발그 말이 더 아픈 거 알잖아사랑해줄 거라며 다 뭐야어떤 맘을 준 건지 너는 모를 거야외로웠던 만큼너를 너보다 사랑해줄 사람 꼭 만났으면 해내가 아니라서 미안해주는 게 쉽지가 않아그런 말은 하지 마 제발그 말이 더 아픈 거 알잖아사랑해줄 거라며 다 뭐야어떤 맘을 준 건지 끝내 모를솔직히 말해줄래 제발너라면 다 믿는 거 알잖아 네 말대로 언젠가 나도나 같은 누군가에게사랑 받게 될까"
"35","9620469","우주를 줄게","볼빨간사춘기","     커피를 너무 많이 마셨나 봐요 심장이 막 두근대고 잠은 잘 수가 없어요 한참 뒤에 별빛이 내리면 난 다시 잠들 순 없겠죠 지나간 새벽을 다 새면 다시 네 곁에 잠들겠죠 너의 품에 잠든 난 마치 천사가 된 것만 같아요 난 그대 품에 별빛을 쏟아 내리고 은하수를 만들어 어디든 날아가게 할거야 Cause I’m a pilot anywhere Cause I’m a pilot anywhere  lighting star shooting star 줄게 내 Galaxy Cause I’m a pilot anywhere Cause I’m your pilot 네 곁에  저 별을 따 네게만 줄게 my GalaxyLike a star 내리는 비처럼 반짝이는 널 가지고 싶어 Get ma mind 엄지와 검지만 해도 내 마음을 너무 잘 표현해 붙어 안달 나니까 마냥 떨리기만 한 게 아냐 준비가 되면 쏘아 올린 인공위성처럼 네 주윌 마구 맴돌려 해 더 가까워진다면 네가 가져줄래 이 떨림을 어제는 내가 기분이 참 좋아서 지나간 행성에다가 그대 이름 새겨 놓았죠 한참 뒤에 별빛이 내리면 그 별이 가장 밝게 빛나요 지나간 새벽을 다 새면 다시 네 곁에 잠들겠죠 별빛 아래 잠든 난 마치 온 우주를 가진 것만 같아 난 그대 품에 별빛을 쏟아 내리고 은하수를 만들어 어디든 날아가게 할거야 Cause I’m a pilot anywhere Cause I’m a pilot anywhere  Lighting star Shooting star 줄게 내 Galaxy Cause I’m a pilot anywhere Cause I’m your pilot 네 곁에  저 별을 따 네게만 줄게 my Galaxy Cause I’m a pilot anywhere  Cause I’m a pilot anywhere  Lighting star Shooting star 줄게 내 Galaxy Cause I’m a pilot I’m your pilot Lighting star Shooting star 줄게 my Galaxy la la la la la lala la la la la la"
"36","30378155","이 지금","아이유","     이건 비밀이야 아무에게도 고백하지 않았던이야기를 들려주면큰 눈으로 너는 묻지How wow wow Whatever나 실은 말이야저기 아득한 미래로부터 날아왔어쏟아질 듯이 빼곡한 별들 사이를 지나 Fly fly fly있지 그곳도 사실 바보들 투성이야아니 매우 반짝이는 건 오히려 Now now now이 하루 이 지금 우리 눈부셔 아름다워이 불꽃놀이는 끝나지 않을 거야 Ooh Whatever흐린 날이면거짓말처럼 무섭게 깜깜했지새침데기 태양은 뜨겁기는커녕 PeacokeBlue blue blue Whatever매일매일제멋대로인 바람결을 땋아서 만든이 나침반이 가리킨 그곳에서 발견Oh That's you you yes you 있지 저런 건 그저 자그만 돌멩이야빛이 나는 건 여기 있잖아Life is cool cool cool시간은 많아 이대로면 아마 영원히 살 수 있지 않을까안녕 나의 주인공 그래 너를 만나러 나짜잔 우아하게 등장바로 이 하루 이 지금 우리눈부셔 아름다워나는 확실히 알아 오늘의 불꽃놀이는 끝나지 않을 거야 우우우 우우우우우우 우우우더 놀라운 건 지금부터야"
"37","9620473","나만 안되는 연애","볼빨간사춘기","     왠지 오늘따라마음이 아픈지 했더니오늘은 그대가날 떠나가는 날이래요왜 항상 나는 이렇게외로운 사랑을 하는지도무지 이해가 안가는이상한 날이에요왜 그랬는지 묻고 싶죠날 사랑하긴 했는지그랬다면 왜 날 안아줬는지그렇게 예뻐했는지나만 이런 세상을살고 있는 것 같아요바라보기만 하다포기할 수는 없겠죠근데도 이렇게 아픈 마음만가지고 사는 건도무지 불공평해서견딜 수가 없어요Please come back to me왠지 오늘만은그렇게 보내기 싫은지오늘은 그대와 나마지막인가 봐요왜 항상 나는 이렇게아무 말도 못하는지도무지 이해가 안가는이상한 날이에요시작부터 사랑하지 않았다고내게 말했었다면그랬다면 나의 마음은이렇게 굳게 닫혔을까요나만 이런 세상을살고 있는 것 같아요바라보기만 하다포기할 수는 없겠죠근데도 이렇게 아픈 마음만가지고 사는 건도무지 불공평해서견딜 수가 없어요그대는 아무렇지 않겠죠Please come back to me 내 눈물로 더 이상붙잡을 수는 없겠죠Please come back to me 근데도 이렇게 아픈 마음만가지고 사는 건도무지 불공평해서견딜 수가 없어요Please come back to mePlease come back to me나는 사실 이성적인 게참 싫어요그래서 우린헤어져야만 했으니까아무렇지 않게 살아가도매일 밤이 고통스럽겠죠그대가 정이 많은사람이었다면날 안아주진 않았을까요"
"38","30442275","달콤한 빈말 (Feat. 바버렛츠)","백아연","     조만간 얼굴 보자 언제 밥 한번 먹자 좋아 좋아 난 오늘도 기다려 더 예뻐진 것 같네 뭐가 이리 달콤해 so sweet so sweet 그럼 나 또 기대해 빠라밤 빠라밤빠라밥 빠라밥 빠라밤이번에는 진심이 맞죠거짓말 아니죠 진짜 보는 거죠거짓말이라도일단은 삼키고 볼래요맘이 썩는 것도 아닌데 뭐 어때빈말이라도 난 좋아빈말이라도 난 좋아그 말 한마디를 잡고며칠은 꿈꿀 수 있어몇 마디라도 난 좋아몇 마디라도 난 좋아내 하룰 열고 하룰 닫는 말 그 말담에 한번 보자고말한 게 언제 인지몰라 몰라난 오늘 또 기다려점점 더 예뻐진대그 말만 열두 번째싫어 싫어저 영혼 없는 말투빠라밤 빠라밤빠라밥 빠라밥 빠라밤이번에도 진심 아니죠거짓말인 거죠 이젠 안 속아요달콤한 말들만삼키고 삼켰던 내 맘이까맣게 썩어가는 줄도 모르고빈말이 난 이젠 싫어빈말이 난 이제 싫어그 말 한마디를 잡고밤새 헛된 꿈꾸게 해빈말 이젠 정말 싫어빈말 이젠 정말 싫어텅텅 빈 하트같이 공허한 그 말빈말 한마디로하룰 버티던 나인데어느새 기대가 커지고 커져서툭툭 뱉고 사라진널 미워하게 된 건내가 변한 걸까내 욕심이 커져버린 걸까빈말이 난 이젠 싫어빈말이 난 이제 싫어그 말 한마디를 잡고밤새 헛된 꿈꾸게 해빈말 이젠 정말 싫어빈말 이젠 정말 싫어텅텅 빈 하트같이 공허한 그 말"
"39","30181278","오랜 날 오랜 밤","악동뮤지션","     별 하나 있고너 하나 있는그곳이 내 오랜 밤이었어사랑해란 말이 머뭇거리어도거짓은 없었어넌 화나 있고참 조용했던그곳이 내 오랜 밤이었어어둠 속에서도 잠 이루지 못해흐느껴오는 너의 목소리그대 곁이면그저 곁에서만 있어도행복했단 걸그 사실까지 나쁘게추억 말아요오랜 날오랜 밤 동안정말 사랑했어요어쩔 수 없었다는 건말도 안 될 거라 생각하겠지만밉게 날기억하지는 말아줄래요아직도 잘 모르겠어당신의 흔적이지울 수 없이 소중해잘 자요 안녕그 말 끝으로흐른 시간은 오랜 날 같았어우린 서로에게깊어져 있었고난 그게 두려워넌 가만있고나도 그러했던순간은 우리 오랜 날 함께한 시간을아무런 의미도 없듯이추억만 하게 하겠죠그대 곁이면그저 곁에서만 있어도보고 싶고 또 행복했어그건 진심이었소오랜 날오랜 밤 동안정말 사랑했어요어쩔 수 없었다는 건말도 안 될 거라 생각하겠지만밉게 날기억하지는 말아줄래요아직도 잘 모르겠어당신의 흔적이지울 수 없이 소중해하늘이 참 뿌옇고맘을 다잡아야 하죠이젠 마지막 목소리마지막 안녕밉게 날기억하지는 말아줄래요아직도 잘 모르겠어당신의 흔적이지울 수 없이 소중해"
"40","30054344","TT","TWICE (트와이스)","     이러지도 못하는데 저러지도 못하네 그저 바라보며 ba-ba-ba-baby 매일 상상만 해 이름과 함께  쓱 말을 놨네 baby 아직 우린 모르는 사인데 아무거나 걸쳐도 아름다워 거울 속 단 둘이서 하는  fashion show show 이번에 정말 꼭꼭 내가 먼저 talk talk 다짐 뿐인걸 매번 다짐 뿐인걸 나나나나나나나 콧노래가 나오다가 나도 몰래 눈물 날 것 같애 아닌 것 같애 내가 아닌 것 같애 I love you so much 이미 난 다 컸다고 생각하는데 어쩌면 내 맘인데 왜  내 맘대로 할 수 없는 건 왜 밀어내려고 하면 할수록 자꾸 끌려 왜 자꾸 자꾸 끌려 baby I’m like TT Just like TT 이런 내 맘 모르고 너무해 너무해 I’m like TT Just like TT Tell me that you’d be my baby 어처구니 없다고 해 얼굴 값을 못한대 전혀 위로 안돼 ba-ba-ba-baby 미칠 것 같애 이 와중에 왜 배는 또 고픈 건데 하루 종일 먹기만 하는데 맴매매매 아무 죄도 없는 인형만 때찌 종일 앉아있다가 엎드렸다  시간이 획획획 피부는 왜 이렇게 또 칙칙 자꾸 틱틱 거리고 만 싶지 엄만 귀찮게 계속 왜왜왜왜왜 나나나나나나나 콧노래가 나오다가 나도 몰래 짜증날 것 같애 화날 것 같애 이런 애가 아닌데 I love you so much 이미 난 다 컸다고 생각하는데 어쩌면 내 맘인데 왜  내 맘대로 할 수 없는 건 왜 밀어내려고 하면 할수록 자꾸 끌려 왜 자꾸 자꾸 끌려 baby I’m like TT Just like TT 이런 내 맘 모르고 너무해 너무해 I’m like TT Just like TT Tell me that you’d be my baby 혹시 이런 나를 알까요 이대로 사라져 버리면 안돼요 이번엔 정말 꼭꼭 내가 먼저 talk talk 다짐 뿐인걸 매번 다짐 뿐인걸 이미 난 다 컸다고 생각하는데어쩌면 내 맘인데 왜 내 맘대로 할 수 없는 건 왜밀어내려고 하면 할수록자꾸 끌려 왜 자꾸 자꾸 끌려 babyI’m like TTJust like TT이런 내 맘 모르고 너무해 너무해I’m like TTJust like TTTell me that you’d be my baby"
"41","30419668","혼자","어반자카파","     혼자 하는 말 혼자 자는 밤혼자 있는 것 혼자 사는 것그건 내게는 당연한 것또 너에게는 별일 아닌 것고단한 몸 소란한 삶요란한 맘 또 혼자 남은 밤그건 내게는 당연한 것또 너에게는 안쓰러운 것혼자가 편하다는 내 말은언제부터 거짓말이되었는지 모르겠어자꾸 나를 위로해나는 정말 괜찮아말하고 온 밤여느 때보다 더 외로워져혼자 하는 말 혼자 자는 밤혼자 있는 것 혼자 사는 것그건 내게는 당연한 것또 너에게는 별일 아닌 것고단한 몸 소란한 삶요란한 맘 또 혼자 남은 밤그건 내게는 당연한 것또 너에게는 안쓰러운 것혼자 걷는 밤혼자 하는 약속혼자 깊은 새벽혼자 오는 아침혼자 걷는 밤혼자 하는 약속혼자 깊은 새벽혼자 오는 아침빛나네말해나는 사실 불편해나를 보는 시선도저히 익숙해지질 않아혼자 하는 말 혼자 자는 밤혼자 있는 것 혼자 사는 것그건 내게는 당연한 것또 너에게는 별일 아닌 것고단한 몸 소란한 삶요란한 맘 또 혼자 남은 밤그건 내게는 당연한 것또 너에게는 안쓰러운 것혼자 걷는 밤혼자 하는 약속혼자 깊은 새벽혼자 오는 아침혼자 걷는 밤혼자 하는 약속혼자 깊은 새벽혼자 오는 아침빛나네"
"42","30453632","I Know You Know","월하소년 (月下少年)","     잘 모르겠어도통 헷갈린 기분모든 감각 총동원해도어려워 넌 내게 신의 한 수Baby 알듯 말듯 감당이 안돼Baby 올듯 말듯 반칙을 하네넌 마치 끝없는 신기루Oh 잡힐 듯 또 쉽게 잡히지가 않아왠지 흔들린 네 눈빛에본능적으로 촉이 와전부 들킨 것 같아무슨 말을 하려 하는지알고 있는 것 같아솔직하게오늘따라 좀 달라자꾸 내 눈을 슬쩍 바라I know you know확실한 이 느낌나와 같다 말해주잖아숨길 수 없어그런 눈빛으로 빤히바라보면 그건 반칙날 다룰 줄 아는 MasterKey를 쥐고 있지점점 뒤로 빼지 말고 가까이시치미 떼지 말고 내게 빨리말해 baby I know you know이게 난 더 좋아모두 알려줘 baby come on숨결마저 고요한 순간출구도 없는 네가 와영원히 갇히고 파답을 모르는 아이처럼너에게 더 빠져가나도 몰래오늘따라 좀 달라자꾸 내 눈을 슬쩍 바라I know you know확실한 이 느낌나와 같다 말해주잖아숨길 수 없어아닌 척해도 GirlI know you know I know you know나만 보잖아 GirlI know you know 다 티가 나잖아피하지는 마 GirlI know you know oh yeah그만 애태우고 와줘I know you know이미 커져버린 맘을멈출 수가 없는걸굳이 말을 해야 아느냐고묻는 네 맘을 다 알아이제 우린 좀 달라분명 너도 날 원하잖아I know you know너와 맞는 이 느낌너도 말을 하려 했잖아더 다가와줘아닌 척해도 GirlI know you know I know you know it나만 보잖아 GirlI know you know 전부 느껴지잖아피하지는 마 GirlI know you know 이젠 더 이상숨이 멎을듯한 지금 Talk to meI know you knowI know you knowI know you know"
"43","30157753","Beautiful","Crush","     it`s a beautiful life난 너의 곁에 있을게it`s a beautiful life너의 뒤에 서 있을게beautiful love하늘아래 너와 있다면숨쉬는 것만으로도 좋아it`s a beautiful lifebeautiful day너의 기억에서 내가 살텐데beautiful life beautiful day내 곁에서 머물러줘beautiful my lovebeautiful your heartit`s a beautiful lifeit`s a beautiful lifeit`s a beautiful life언제나 널 지켜줄게it`s a beautiful life내게 기댈수가 있게beautiful love너의 눈물 너의 미소도곁에서 함께 할 수 있도록it`s a beautiful lifebeautiful day미치도록 널 사랑했었던 날beautiful life beautiful day너를 잃고 싶지 않아beautiful my lovebeautiful your heartit`s a beautiful life세상에 너와 닮은 추억이또 덩그러니 내게 남겨져있어너와의 기억 너와의 추억it`s a sorrowful lifesorrowful day슬픔을 이기지 못하는 내게sorrowful life sorrowful day내 곁에서 떠나지마추억속에 내가 살지 않도록it`s a beautiful life"
"44","30453631","Show Time","It`s","     자 이제 Show Time다가와 First Time널 위해 나 Long Time준비한 Show Show Show ShowPerfect 확실한 Impact 보여줄게평생 잊지 못할 너만의 Show Time드디어 올 것이 왔어차 시간이 다 됐어널 가득 채우겠어 널 가득 채우겠어특별한 날이기에 널 감동시키기에완벽한 시나리오 절대 뻔하지 않아심장이 터질 것 같아너 오는 소리가 들려두근거려 나 떨려넌 어떤 표정 지을까세상을 다 가진 것처럼 더 다가와자 이제 Show Time다가와 First Time널 위해 나 Long Time준비한 Show Show Show ShowPerfect 확실한 Impact 보여줄게평생 잊지 못할 너만의 Show Time난 너 하나면 돼너만 바라볼게Alright dear my love넌 그 어떤 말로도 표현할래도널 표현할 수 없어진짜로 I love you girlCause it's you Yeah I'm in youMy love is true어떻게 더 말해줄까 Uh새로운 막이 올랐어나의 진심을 담아서 무대에 올랐어관객은 오직 너뿐야널위해 뭐든 다할거야 원한다면자 이제 Show Time다가와 First Time널 위해 나 Long Time준비한 Show Show Show ShowPerfect 확실한 Impact 보여줄게평생 잊지 못할 너만의 Show Time난 너 하나면 돼너만 바라볼게자 이제 Show Time다가와 First Time널 위해 나 Long Time준비한 Show Show Show ShowPerfect 확실한 Impact 보여줄게평생 잊지 못할 너만의 Show Time난 너 하나면 돼너만의 Show Time"
"45","30069773","불장난","BLACKPINK","     우리 엄만 매일 내게 말했어언제나 남자 조심하라고사랑은 마치 불장난 같아서 다치니까 Eh엄마 말이 꼭 맞을지도 몰라널 보면 내 맘이 뜨겁게 달아올라두려움보단 널 향한 끌림이 더 크니까 Eh멈출 수 없는 이 떨림은On and on and on내 전부를 너란 세상에다 던지고 싶어Look at me look at me now이렇게 넌 날 애태우고 있잖아끌 수 없어우리 사랑은 불장난My love is on fireNow burn baby burn불장난My love is on fireSo don’t play with me boy불장난Oh no 난 이미 멀리 와버렸는걸어느새 이 모든 게 장난이 아닌 걸사랑이란 빨간 불씨불어라 바람 더 커져가는 불길이게 약인지 독인지 우리 엄마도 몰라내 맘 도둑인데 왜 경찰도 몰라불 붙은 내 심장에 더 부어라 너란 기름kiss him will I diss him I don’t know but I miss him중독을 넘어선 이 사랑은 crack내 심장의 색깔은 black멈출 수 없는 이 떨림은On and on and on내 전부를 너란 불길 속으로던지고 싶어Look at me look at me now이렇게 넌 날 애태우고 있잖아끌 수 없어우리 사랑은 불장난My love is on fireNow burn baby burn불장난My love is on fireSo don’t play with me boy불장난걷잡을 수가 없는 걸너무나 빨리 퍼져 가는 이 불길이런 날 멈추지 마이 사랑이 오늘 밤을 태워버리게 whooo"
"46","9614761","그대라는 사치","한동근","     그림 같은 집이 뭐 별거겠어요 어느 곳이든 그대가 있다면 그게 그림이죠빛나는 하루가 뭐 별거겠어요어떤 하루던 그대 함께라면 뭐가 필요하죠나 그대가 있지만 힘든 세상이 아니라힘든 세상 이지만 곁에 그대가 있음을 깨닫고 또 감사해요 또 기도해요 내 곁에서 변치 않고 영원하길 기도 드리죠무려 우리 함께 눈뜨는 아침과매일 그댈 만나 돌아오는 집 앞나 만의 그대 나의 그대 내겐 사치라는걸과분한 입맞춤에 취해 잠이 드는 일그래 사치 그댄 사치 내겐 사치행복이란 말이 뭐 별거겠어요그저 그대의 잠꼬대 마저 날기쁘게 하는데사랑이란 말이 뭐 별거겠어요그저 이렇게 보고만 있어도입에서 맴돌죠나 그대가 있지만 거친 세상이 아니라거친 세상 이지만 내겐 그대가 있음을 깨닫고 또 다짐하죠 또 약속하죠 그대 곁에 변치않고 영원하길 약속할게요무려 우리 함께 눈뜨는 아침과매일 그댈 만나 돌아오는 집 앞나 만의 그대 나의 그대 내겐 사치 라는걸과분한 입맞춤에 취해 잠이 드는 일그래 사치 그댄 사치 내겐 사치내가 상상하고 꿈꾸던 사람 그대정말 사랑하고 있다고 나 말 할 수 있어서믿을 수 없어 정말 믿을 수 없어내가 어떻게 내가 감히 사랑할 수 있는지 말야   무려 우리 함께 잠드는 이 밤과매일 나를 위해 차려진 이 식탁나 만의 그대 나의 그대 내겐 사치 라는걸과분한 입맞춤에 취해 잠에 드는 일그래 사치 그댄 사치 내겐 사치"
"47","8287788","Closer (Feat. Halsey)","The Chainsmokers","     Hey, I was doing just fine before I met youI drink too much and that's an issue but I'm okayHey, you tell your friends it was nice to meet themBut I hope I never see them againI know it breaks your heartMoved to the city in a broke down carAnd four years, no callsNow you're looking pretty in a hotel barAnd I can't stopNo, I can't stopSo baby pull me closer in the backseat of your RoverThat I know you can't affordBite that tattoo on your shoulderPull the sheets right off the cornerOf the mattress that you stoleFrom your roommate back in BoulderWe ain't ever getting olderWe ain't ever getting olderWe ain't ever getting olderYou look as good as the day I met youI forget just why I left you, I was insaneStay and play that Blink-182 songThat we beat to death in Tuscon, okayI know it breaks your heartMoved to the city in a broke down carAnd four years, no callNow I'm looking pretty in a hotel barAnd I can't stopNo, I can't stopSo baby pull me closer in the backseat of your RoverThat I know you can't affordBite that tattoo on your shoulderPull the sheets right off the cornerOf the mattress that you stoleFrom your roommate back in BoulderWe ain't ever getting olderWe ain't ever getting olderWe ain't ever getting olderSo baby pull me closer in the backseat of your RoverThat I know you can't affordBite that tattoo on your shoulderPull the sheets right off the cornerOf the mattress that you stoleFrom your roommate back in BoulderWe ain't ever getting olderWe ain't ever getting older (we ain't ever getting older)We ain't ever getting older (we ain't ever getting older)We ain't ever getting older (we ain't ever getting older)We ain't ever getting olderWe ain't ever getting olderNo we ain't ever getting older    "
"48","30428238","울고 싶지 않아","세븐틴","     -  울고 싶지 않아 -울고 싶지 않아울고 싶지 않아사랑해서 사랑한다는 말이부족해서 그 어떤 말을 꺼내봐도너 하나만 아끼던 날 두고서어디 간 거니내가 싫어 어어 져서멀리 간 거니장난치지 마 거기 있는 거 알아나타날 거 같아 마냥 기다리다널 찾아가야 돼 찾아가야 돼지금 울면 못 볼지 모르니까울고 싶지 않아울고 싶지 않아눈물은 많지만울고 싶지 않아낯설지 않은 길 이 길이 낯설다아는 길 맞는지 내게 또 묻지요혹시나 그 사람날 찾고 있지 않을까 나는 지금 널 찾고 있어요장난치지 마 거기 있는 거 알아나타날 거 같아 마냥 기다리다널 찾아가야 돼 가야 하는데눈물 고여 점점 흐려져울고 싶지 않아울고 싶지 않아눈물은 많지만울고 싶지 않아난 괜찮아안 괜찮아너 보고 싶지 않아너무 보고 싶어맘에 없는 말들로거짓말이라도해야 돼 해야 돼생각처럼 맘이말을 듣지 않으니까돌아와 돌아와 돌아와절반이 없는데어떻게 하나로 살아울고 싶지 않아울고 싶지 않아울고 싶지 않아눈물은 많지만울고 싶지 않아울고 싶지 않아우리 다시 볼 때울고 싶지 않아"
"49","8203900","너였다면","정승환","     왜 너에겐 그렇게 어려운지  애를 쓰는 나를 제대로 봐주는 게 너 하나에 이토록 아플 수 있음에 놀라곤 해 고단했던 하루 나는 꿈을 꿔도 아파 너였다면 어떨 것 같아  이런 미친 날들이 네 하루가 되면 말야 너도 나만큼 혼자 부서져 본다면 알게 될까 가슴이 터질 듯 날 가득 채운 통증과  얼마나 너를 원하고 있는지 내가 너라면 그냥 날 사랑할 텐데 내 가슴은 한없이 바닥까지  나를 둘러싸는 모든 게 두려워져 다 사랑에 빠지면 행복한 거라니 누가 그래 뒷모습만 보는 그런 사랑하는 내게 너였다면 어떨 것 같아  이런 미친 날들이 네 하루가 되면 말야 너도 나만큼 혼자 부서져 본다면 알게 될까 가슴이 터질 듯 날 가득 채운 통증과  얼마나 너를 원하고 있는지 내가 너라면그냥 날 사랑할텐데이미 너는 내게대답한 걸 알아 대답 없는 대답의 의미다 알면서도난 모르는 척 맴도는데요즘 나는 어떤 줄 아니 편히 잠을 잘 수도뭘 삼켜낼 수도 없어널 바라보다 점점 망가져가는 날 알긴 할까죽을 것 같아도넌 내게 올 리 없대도 딴 곳만 보는너란 걸 알아도그런 너를 난놓을 순 없을 것 같아"
"50","30440430","사랑앓이 (With 김나영)","FTISLAND","     그리울 때 눈 감으면더 잘 보이는 그런 사람잊으려 하고 지우려 하면더 많이 생각나는 사람그 사람 꼭 올 거라고 내 가슴에해로운 거짓말을 하고꼭 올 거라는 말은 안 했지만기다릴 수밖에 없는 사람너무나 많이 사랑한 죄널 너무나 많이 사랑한 죄난 너로 인해 그 많은 죄로 인해기다림을 앓고 있다고그 사람 꼭 올 거라고 내 가슴에해로운 거짓말을 하고꼭 올 거라는 말은 안 했지만기다릴 수밖에 없는 사람너무나 많이 사랑한 죄널 너무나 많이 사랑한 죄난 너로 인해 그 많은 죄로 인해기다림을 앓고 있다고그대 나를 이렇게 멀리떠나간 거죠 부디 제발늘 나에게만 모진 한 사람내게는 눈물만 줬던 사람늘 혼자서만 앓고 있다고널 너무나 많이 사랑한 죄난 너로 인해 그 많은 죄로 인해기다림을 앓고 있다고내가 더 많이 사랑한 죄널 너무나 많이 그리워한 죄난 너로 인해 그 많은 죄로 인해눈물로 앓고 있었다고 이렇게"
